1;AIR-TERJUN-COBAN-TALUN-KOTA-BATU.jpg;1
2;AIR-TERJUN-CURUG-CIPURUT-KABUPATEN-PURWAKARTA.jpg;2
3;AIR-TERJUN-7-BIDADARI-KABUPATEN-ACEH-UTARA.jpg;3
4;AIR-TERJUN-BUMBUN-KABUPATEN-MURUNG-RAYA.jpg;4
5;AIR-TERJUN-BINUSAN-KABUPATEN-NUNUKAN.jpg;5
6;AIR-TERJUN-BLAWAN-KABUPATEN-BONDOWOSO.jpg;6
7;AIR-TERJUN-ALAM-TANI-ASAHAN-KABUPATEN-ASAHAN.jpg;7
8;AIR-TERJUN-BATU-BEKINYAU-KABUPATEN-SELUMA.jpg;8
9;AIR-TERJUN-BIBINOI-KABUPATEN-HALMAHERA-SELATAN.jpg;9
10;AIR-TERJUN-CURUG-EMBUN-KEBAWETAN-KABUPATEN-KEPAHIANG.jpg;10
11;AIR-TERJUN-BIHEWA-KABUPATEN-NABIRE.jpg;11
12;AIR-TERJUN-BERASAP-KABUPATEN-MELAWI.jpg;12
13;AIR-TERJUN-CABE-KABUPATEN-JEPARA.jpg;13
14;AIR-TERJUN-AMPADOAP-KABUPATEN-TALAUD.jpg;14
15;AIR-TERJUN-AYUHULALO-KABUPATEN-BOALEMO.jpg;15
16;AIR-TERJUN-BESEMAH-KOTA-PAGAR-ALAM.jpg;16
17;AIR-TERJUN-ALAP---ALAP-KABUPATEN-PASURUAN.jpg;17
18;AIR-TERJUN-ANGAN-TEMBAWANG-KABUPATEN-LANDAK.jpg;18
19;AIR-TERJUN-CURUP-LEMATANG-INDAH-KOTA-PAGAR-ALAM.jpg;19
20;AIR-TERJUN-BENANG-STOKEL-KABUPATEN-LOMBOK-TENGAH.jpg;20
21;AIR-TERJUN-BANANGAR-KABUPATEN-LANDAK.jpg;21
22;AIR-TERJUN-ALOBAN-BAIR-KABUPATEN-TAPANULI-TENGAH.jpg;22
23;AIR-TERJUN-BESUKI-KABUPATEN-KEDIRI.jpg;23
24;AIR-TERJUN-BAHUGA-KABUPATEN-WAY-KANAN.jpg;24
25;AIR-TERJUN-COBAN-WILIS-KABUPATEN-BLITAR.jpg;25
26;AIR-TERJUN-BLANG-KOLAM-KABUPATEN-ACEH-UTARA.jpg;26
27;AIR-TERJUN-BARANIA-DAN-PANORAMA-ALAM-KABUPATEN-PANGKAJENE-DAN-KEPULAUAN.jpg;27
28;AIR-TERJUN-CIUPANG-(MUARA)-KABUPATEN-PESAWARAN.jpg;28
29;AIR-TERJUN-BEDEGUNG-KABUPATEN-MUARA-ENIM.jpg;29
30;AIR-TERJUN-ANTROKAN-KABUPATEN-JEMBER.jpg;30
31;AIR-TERJUN-AEK-MARTUA-KABUPATEN-ROKAN-HULU.jpg;31
32;AIR-TERJUN-BATU-MAHASUR-KABUPATEN-GUNUNG-MAS.jpg;32
33;AIR-TERJUN-CURUP-TENANG-KABUPATEN-MUARA-ENIM.jpg;33
34;AIR-TERJUN-BAJUIN-KABUPATEN-TANAH-LAUT.jpg;34
35;AIR-TERJUN-AEK-MERANTI-KABUPATEN-TAPANULI-TENGAH.jpg;35
36;AIR-TERJUN-BAWIN-KAMELOH-KABUPATEN-GUNUNG-MAS.jpg;36
37;AIR-TERJUN-BISAPPU-KABUPATEN-BANTAENG.jpg;37
38;AIR-TERJUN-AIK-TEMER--JERUK-MANIS-KABUPATEN-LOMBOK-TIMUR.jpg;38
39;AIR-TERJUN-COBAN-RAIS-KOTA-BATU.jpg;39
40;AIR-TERJUN-BANYU-ANJLOK-KABUPATEN-JEPARA.jpg;40
41;AIR-TERJUN-AEK-NABOBAR-KABUPATEN-TAPANULI-TENGAH.jpg;41
42;AIR-TERJUN-BUMBULA-KABUPATEN-MUNA.jpg;42
43;AIR-TERJUN-86-DAN-BUKIT-BERBUNGA-KABUPATEN-INDRAGIRI-HILIR.jpg;43
44;AIR-TERJUN-CYCLOP-KOTA-JAYAPURA.jpg;44
45;AIR-TERJUN-BERAMBAI-KOTA-SAMARINDA.jpg;45
46;AIR-TERJUN-COBAN-CANGGU-KABUPATEN-MOJOKERTO.jpg;46
47;AIR-TERJUN-COBAN-BAUNG-KABUPATEN-PASURUAN.jpg;47
